injured,non_injured
0.9489442664781179,0.9200116377189208
0.9603724512232401,0.9475632684563319
0.9080748156540838,0.9194636274597924
0.9419554595002921,0.9362981171346055
