injured,non_injured
0.5456536776573668,0.45434632234263317
0.07032205462698736,0.9296779453730126
0.3452584428596688,0.6547415571403312
0.6560418806533912,0.3439581193466088
