injured,non_injured
0.490758570519716,0.5307590951279813
0.5278217847208264,0.5328554779478107
0.536450077978252,0.5535116655360022
0.49091892825894545,0.5224294582492436
